{"cameraMode":{"drawMode":0,"name":"Shaded","section":"Shading Mode"},"sceneLighting":true,"audioPlay":false,"sceneViewState":{"showFog":true,"showMaterialUpdate":true,"showSkybox":true,"showFlares":true,"showImageEffects":true,"showParticleSystems":true},"in2DMode":false,"pivot":{"x":240.64572143554688,"y":215.96275329589845,"z":574.359619140625},"rotation":{"x":-0.010809394530951977,"y":-0.0024028695188462736,"z":0.000025917550374288112,"w":-0.999939501285553},"size":1278.459228515625,"orthographic":false}